,A,B,C,D,E,F,HDT,UTS,modulus,eab,viscosity,r
0,48.15077697,6.489742611,6.89194729,16.71098381,10.06624125,11.69030807,121.71856694860892,52.28619027044316,1.9564157267900142,8.951468368213856,21.512362951849358,4.098444170431054
1,35.28617348,12.0,13.73060825,15.50672017,12.54072866,10.93577,85.22276828926474,49.7046278441298,2.0124180092002635,12.624647353782786,18.309914432617894,2.686795055157307
2,44.18408789,10.0,17.52932487,10.0,9.2866,9.0,101.35333139603833,55.4265573295261,2.21713235742786,9.315643816434763,16.883138646464715,2.8175164807594357
